<?xml version="1.0" encoding="UTF-8"?>
<head>
<language>
    Chinese
</language>
<features_pred_rg>
    DepRelation
    HeadwordPOS
    DepwordPOS
    Headword
    Depword
    HeadwordLemma
    DepwordLemma
    FirstWord
    LastWord
    FirstPOS
    LastPOS
    FirstLemma
    LastLemma
    ConstituentPOSPattern
    ChildrenPOS
    ChildrenPOSNoDup
    ChildrenREL
    ChildrenRELNoDup
    SiblingsPOS
    SiblingsPOSNoDup
    SiblingsREL
    SiblingsRELNoDup
</features_pred_rg>
<features_pred_cl>
    Predicate
    PredicateLemma
    PredicateBagOfWords
    PredicateBagOfWordsOrdered
    PredicateBagOfPOSOrdered
    PredicateBagOfPOSNumbered
    PredicateWindow5Bigram
    PredicateChildrenPOS
    PredicateChildrenPOSNoDup
    PredicateChildrenREL
    PredicateChildrenRELNoDup
    PredicateSiblingsPOS
    PredicateSiblingsPOSNoDup
    PredicateSiblingsREL
    PredicateSiblingsRELNoDup
    HeadwordPOS
    DepRelation
    Headword
    DepwordPOS
    HeadwordLemma
    PredicateWindow5BigramPOS
    PredicateBagOfPOSWindow5
    PredicateBagOfPOSorderedWindow5
    PredicateBagOfPOSNumberedWindow5
    PredicateBagOfWordsAndIsDesOfPRED
</features_pred_cl>
<features_role_cl>
    DepRelation
    HeadwordPOS
    DepwordPOS
    Headword
    Depword
    HeadwordLemma
    DepwordLemma
    FirstWord
    LastWord
    FirstPOS
    LastPOS
    FirstLemma
    LastLemma
    ConstituentPOSPattern
    ChildrenPOS
    ChildrenPOSNoDup
    ChildrenREL
    ChildrenRELNoDup
    SiblingsPOS
    SiblingsPOSNoDup
    SiblingsREL
    SiblingsRELNoDup
    PredicateChildrenPOS
    PredicateChildrenPOSNoDup
    PredicateChildrenREL
    PredicateChildrenRELNoDup
    PredicateSiblingsPOS
    PredicateSiblingsPOSNoDup
    PredicateSiblingsREL
    PredicateSiblingsRELNoDup
    PredicateLemma
    Predicate
    PredicateSense
    Path
    UpPath
    RelationPath
    UpRelationPath
    PathLength
    UpPathLength
    DownPathLength
    DescendantOfPredicate
    Position
    PredicateFamilyship
    PredicateWindow5Bigram
</features_role_cl>
<predicate>
    <noun>
        NN
        NR
        NT
    </noun>
    <verb>
        VA
        VC
        VE
        VV
    </verb>
</predicate>
</head>
